log2N,N,delta,log2s,s,rho,storage_bytes,honest_bytes,storage_fraction,rec_hashes_median,rec_hashes_p99,depth_median,depth_p99,saturated,resp_seq_s_median,resp_seq_s_p99,resp_par_s_median,resp_par_s_p99,pass_rate,pass_validated,challenges
18,262144,2,0,1,1.0,16777184,16777184,1.0,0,0,0,0,0,0.0,0.0,0.0,0.0,1.0,0,60
18,262144,2,1,2,0.5,12582880,16777184,0.7499995231619323,6,11,3,7,0,2.94652065019889e-07,5.401954525364632e-07,1.473260325099445e-07,3.4376074252320383e-07,1.0,1,60
18,262144,2,2,4,0.25,6291424,16777184,0.37499880790483076,41301,71778,1033,1287,0,0.002028237489564406,0.0035249226538329325,5.072926386092423e-05,6.32028679467662e-05,1.0,1,60
18,262144,2,3,8,0.125,3145696,16777184,0.18749845027627998,82051,185188,13530,25453,0,0.0040294160978244856,0.009094337769483868,0.0006644404066198497,0.0012499631684918726,1.0,1,60
18,262144,2,4,16,0.0625,1572832,16777184,0.0937482714620046,119410,227527,50413,89699,0,0.005864067180670824,0.011173550066296715,0.002475715758974611,0.004404999263369838,1.0,1,60
18,262144,2,5,32,0.03125,786400,16777184,0.046873182054866895,124524,241646,84495,158802,0,0.006115208957422777,0.011866915483966017,0.004149437705642587,0.0077985562048814025,1.0,1,60
18,262144,2,6,64,0.015625,393184,16777184,0.02343563735129805,124395,243772,104322,201999,0,0.006108873938024849,0.011971320532338065,0.00512311545450081,0.009919903746992094,1.0,1,60
18,262144,2,7,128,0.0078125,196576,16777184,0.011716864999513625,111020,246709,102291,225858,0,0.005452045376418013,0.0121155527181653,0.005023375730491578,0.011091587683543682,1.0,1,60
18,262144,2,8,256,0.00390625,98272,16777184,0.005857478823621413,103238,255847,98891,244401,0,0.005069881648087217,0.012564307813190592,0.0048564062269803076,0.012002209890487649,1.0,1,60
18,262144,2,9,512,0.001953125,49120,16777184,0.0029277857356753076,114802,249547,111836,243484,0,0.00563777439473555,0.012254923144919707,0.005492118057260718,0.01195717723321711,1.0,1,60
18,262144,2,10,1024,0.0009765625,24544,16777184,0.0014629391917022547,153327,259664,150186,255937,0,0.007529686195550753,0.012751755635220744,0.007375435839512842,0.012568727594165888,1.0,1,60
18,262144,4,0,1,1.0,16777184,16777184,1.0,0,0,0,0,0,0.0,0.0,0.0,0.0,1.0,0,60
18,262144,4,1,2,0.5,12582880,16777184,0.7499995231619323,33632,64345,866,1236,0,0.0016516230417914846,0.003159897853950793,4.252811471787065e-05,6.069832539409714e-05,1.0,1,60
18,262144,4,2,4,0.25,6291424,16777184,0.37499880790483076,108525,182453,24420,38226,0,0.005329519226047242,0.008960025536512302,0.0011992339046309483,0.0018772283062417129,1.0,1,60
18,262144,4,3,8,0.125,3145696,16777184,0.18749845027627998,123511,220454,65449,112949,0,0.006065461867111919,0.010826204390315768,0.003214113833914453,0.005546776015321908,1.0,1,60
18,262144,4,4,16,0.0625,1572832,16777184,0.0937482714620046,134083,241628,101984,180359,0,0.006584638805676963,0.011866031527770958,0.00500829936649806,0.00885719196582036,1.0,1,60
18,262144,4,5,32,0.03125,786400,16777184,0.046873182054866895,159628,247126,140308,216544,0,0.00783911997249914,0.012136031036684182,0.006890340323135098,0.010634189461277808,1.0,1,60
18,262144,4,6,64,0.015625,393184,16777184,0.02343563735129805,125874,244098,118419,229330,0,0.006181505672052252,0.011987329961204145,0.005815400481265039,0.011262093011835192,1.0,1,60
18,262144,4,7,128,0.0078125,196576,16777184,0.011716864999513625,154743,250966,149797,243110,0,0.007599224082895447,0.01232460835829691,0.007356332563964053,0.01193881058783087,1.0,1,60
18,262144,4,8,256,0.00390625,98272,16777184,0.005857478823621413,120077,252653,117744,248084,0,0.005896822668565536,0.012407454697245003,0.005782252123950302,0.012183077149732357,1.0,1,60
18,262144,4,9,512,0.001953125,49120,16777184,0.0029277857356753076,110615,241675,108323,238881,0,0.00543215636202917,0.011868339635613612,0.005319599273191573,0.011731129990669352,1.0,1,60
18,262144,4,10,1024,0.0009765625,24544,16777184,0.0014629391917022547,146277,257782,142197,253808,0,0.0071834700191523845,0.012659333104159506,0.00698310661493886,0.012464175219761332,1.0,1,60
18,262144,8,0,1,1.0,16777184,16777184,1.0,0,0,0,0,0,0.0,0.0,0.0,0.0,1.0,0,60
18,262144,8,1,2,0.5,12582880,16777184,0.7499995231619323,64400,124854,13116,22548,0,0.0031625988312134756,0.00613141482099887,0.0006441094141334774,0.001107302460344743,1.0,1,60
18,262144,8,2,4,0.25,6291424,16777184,0.37499880790483076,101166,194377,57089,104932,0,0.004968128468300349,0.009545597407061828,0.002803565289986741,0.005153071747777832,1.0,1,60
18,262144,8,3,8,0.125,3145696,16777184,0.18749845027627998,128073,216670,100814,167935,0,0.006289495653882041,0.010640377154643225,0.0049508422138191815,0.008247065756519177,1.0,1,60
18,262144,8,4,16,0.0625,1572832,16777184,0.0937482714620046,138114,244339,124365,218177,0,0.006782595884692825,0.011999165152482444,0.006107400677699749,0.01071438393164072,1.0,1,60
18,262144,8,5,32,0.03125,786400,16777184,0.046873182054866895,117094,252700,111563,239654,0,0.005750331483573148,0.01240976280508766,0.005478711388302313,0.011769090998379413,1.0,1,60
18,262144,8,6,64,0.015625,393184,16777184,0.02343563735129805,110405,257222,107597,250506,0,0.0054218435397534745,0.012631832244757649,0.005283946373324166,0.012302018366645386,1.0,1,60
18,262144,8,7,128,0.0078125,196576,16777184,0.011716864999513625,151445,258823,149055,254850,0,0.007437263664489515,0.012710455237440455,0.007319893925256593,0.012515346461719786,1.0,1,60
18,262144,8,8,256,0.00390625,98272,16777184,0.005857478823621413,131070,253469,128677,251355,0,0.006436674360359476,0.012447527378087709,0.0063191572950940435,0.0123437116338457,1.0,1,60
18,262144,8,9,512,0.001953125,49120,16777184,0.0029277857356753076,134904,235571,131701,232810,0,0.006624957029907184,0.011568580268133379,0.006467661935864067,0.011432991209546727,1.0,1,60
18,262144,8,10,1024,0.0009765625,24544,16777184,0.0014629391917022547,93604,262911,90419,258438,0,0.004596768649020282,0.012911211511074007,0.004440357511172224,0.012691548396601679,1.0,1,60
20,1048576,2,0,1,1.0,67108832,67108832,1.0,0,0,0,0,0,0.0,0.0,0.0,0.0,1.0,0,40
20,1048576,2,1,2,0.5,50331616,67108832,0.7499998807906536,7,20,3,15,0,3.4376074252320383e-07,9.821735500662967e-07,1.473260325099445e-07,7.366301625497226e-07,1.0,1,40
20,1048576,2,2,4,0.25,25165792,67108832,0.374999701976634,128444,305740,1681,2676,1,0.0063077149732357705,0.015014487059863479,8.255168688307223e-05,0.0001314148209988705,1.0,1,40
20,1048576,2,3,8,0.125,12582880,67108832,0.18749961256962422,488031,786994,27115,37558,1,0.023966556990620242,0.03864823454304375,0.0013315817905023817,0.0018444237096694985,1.0,0,40
20,1048576,2,4,16,0.0625,6291424,67108832,0.09374956786611932,480872,909238,60632,91562,1,0.023614987968374013,0.044651475715758976,0.002977557334380985,0.004496488729558513,1.0,0,40
20,1048576,2,5,32,0.03125,3145696,67108832,0.04687454551436687,476249,934602,82224,173965,1,0.023387958552276187,0.04589706821195305,0.004037911899032559,0.008543191081864165,1.0,1,40
20,1048576,2,6,64,0.015625,1572832,67108832,0.023437034338490648,562579,1012686,134995,214726,1,0.027627510681137356,0.04973167018612189,0.006629425919559986,0.010544909885576782,1.0,1,40
20,1048576,2,7,128,0.0078125,786400,67108832,0.011718278750552535,526661,1033425,88002,234670,1,0.025863625202573296,0.05075013504886314,0.0043216618376467125,0.011524333349702893,1.0,0,40
20,1048576,2,8,256,0.00390625,393184,67108832,0.005858900956583479,581667,1033909,174792,278624,1,0.02856489711732063,0.05077390364877474,0.008583803958159407,0.013682856160683593,1.0,1,40
20,1048576,2,9,512,0.001953125,196576,67108832,0.0029292120595989513,384509,1002768,200332,285249,1,0.018882728478122085,0.04924461032264401,0.009838039581594068,0.014008201149143053,1.0,1,40
20,1048576,2,10,1024,0.0009765625,98272,67108832,0.0014643676111066872,422190,1035596,167214,296140,1,0.02073319255512449,0.050856749987722834,0.008211658400039287,0.014543043755831656,1.0,1,40
20,1048576,4,0,1,1.0,67108832,67108832,1.0,0,0,0,0,0,0.0,0.0,0.0,0.0,1.0,0,40
20,1048576,4,1,2,0.5,50331616,67108832,0.7499998807906536,142313,274882,1830,2477,0,0.006988803221529245,0.01349909148946619,8.986887983106614e-05,0.00012164219417571084,1.0,1,40
20,1048576,4,2,4,0.25,25165792,67108832,0.374999701976634,372979,716871,28743,58111,1,0.018316505426508863,0.03520458675047881,0.0014115307174777784,0.0028537543583951283,1.0,1,40
20,1048576,4,3,8,0.125,12582880,67108832,0.18749961256962422,529429,899610,33079,130800,1,0.025999558021902472,0.04417865736875706,0.0016244659431321514,0.006423415017433581,1.0,0,40
20,1048576,4,4,16,0.0625,6291424,67108832,0.09374956786611932,566056,977064,67321,220037,1,0.027798261552816384,0.047982320876098807,0.003306045278200658,0.010805726071796886,1.0,1,40
20,1048576,4,5,32,0.03125,3145696,67108832,0.04687454551436687,499331,945631,96889,189905,1,0.0245214850464077,0.04643868781613711,0.004758090654618671,0.009325983401267003,1.0,0,40
20,1048576,4,6,64,0.015625,1572832,67108832,0.023437034338490648,497359,999638,215806,274549,1,0.024424642734371164,0.04909090016205864,0.010597947257280362,0.013482738299857584,1.0,1,40
20,1048576,4,7,128,0.0078125,786400,67108832,0.011718278750552535,576337,1029310,58610,205723,1,0.02830314786622796,0.050548052840937,0.0028782595884692826,0.010102784462014437,1.0,1,40
20,1048576,4,8,256,0.00390625,393184,67108832,0.005858900956583479,478643,1025593,130155,274339,1,0.023505524726219123,0.05036551588665717,0.006391739920443943,0.013472425477581889,1.0,1,40
20,1048576,4,9,512,0.001953125,196576,67108832,0.0029292120595989513,481548,1001930,184289,252430,1,0.023648185434366253,0.04920345725089623,0.009050189068408388,0.012396503462161763,1.0,0,40
20,1048576,4,10,1024,0.0009765625,98272,67108832,0.0014643676111066872,638310,999389,188528,280208,1,0.031346559937140896,0.04907867210136031,0.00925836075234494,0.013760644305848843,1.0,0,40
20,1048576,8,0,1,1.0,67108832,67108832,1.0,0,0,0,0,0,0.0,0.0,0.0,0.0,1.0,0,40
20,1048576,8,1,2,0.5,50331616,67108832,0.7499998807906536,252399,500333,21044,44913,1,0.012394981093159162,0.024570691941266022,0.0010334430093797574,0.002205618032706379,1.0,0,40
20,1048576,8,2,4,0.25,25165792,67108832,0.374999701976634,346034,776542,101400,155156,1,0.016993272111182046,0.03813495064577911,0.004979619898836125,0.007619505966704317,1.0,0,40
20,1048576,8,3,8,0.125,12582880,67108832,0.18749961256962422,465167,909824,113639,222843,1,0.02284373618818445,0.044680253400775916,0.005580661002799195,0.010943525020871188,1.0,0,40
20,1048576,8,4,16,0.0625,6291424,67108832,0.09374956786611932,330279,961879,55028,255653,1,0.01621956489711732,0.04723660560821097,0.0027023523056524086,0.012554780729754947,1.0,1,40
20,1048576,8,5,32,0.03125,3145696,67108832,0.04687454551436687,334420,985643,175955,241886,1,0.016422923930658546,0.048403624220399746,0.008640917350095761,0.011878701566566813,1.0,1,40
20,1048576,8,6,64,0.015625,1572832,67108832,0.023437034338490648,325918,993100,193797,287696,1,0.016005401954525364,0.04876982762854196,0.009517114374109905,0.014128370082993665,1.0,0,40
20,1048576,8,7,128,0.0078125,786400,67108832,0.011718278750552535,681406,1011661,183554,284409,1,0.03346294750282375,0.04968133379168099,0.009014094190443451,0.01396694986004027,1.0,0,40
20,1048576,8,8,256,0.00390625,393184,67108832,0.005858900956583479,352153,1001886,158124,287786,1,0.01729376810882483,0.04920129646908609,0.007765260521534155,0.014132789863968964,1.0,1,40
20,1048576,8,9,512,0.001953125,196576,67108832,0.0029292120595989513,610641,1032724,125822,200165,1,0.029987771939301675,0.05071570986593331,0.006178952020822079,0.009829838432451015,1.0,1,40
20,1048576,8,10,1024,0.0009765625,98272,67108832,0.0014643676111066872,364188,1027091,187934,278835,1,0.017884791042577224,0.050439080685557136,0.00922919019790797,0.013693218091636792,1.0,0,40
22,4194304,2,0,1,1.0,268435424,268435424,1.0,0,0,0,0,0,0.0,0.0,0.0,0.0,1.0,0,20
22,4194304,2,1,2,0.5,201326560,268435424,0.7499999701976741,5,13,4,8,0,2.455433875165742e-07,6.384128075430928e-07,1.9643471001325935e-07,3.928694200265187e-07,1.0,0,20
22,4194304,2,2,4,0.25,100663264,268435424,0.37499992549418515,709403,1325236,1526,1623,1,0.034837843146884054,0.06508058733978293,7.493984187005844e-05,7.970338358787998e-05,1.0,0,20
22,4194304,2,3,8,0.125,50331616,268435424,0.1874999031424407,1027071,3146284,18528,26905,1,0.05043809851200707,0.1545098462898394,0.0009098855767814173,0.0013212689682266857,1.0,0,20
22,4194304,2,4,16,0.0625,25165792,268435424,0.09374989196656847,1579236,3556020,46859,73055,1,0.0775541914256249,0.17463143937533762,0.0023011835191278297,0.0035876344350046652,1.0,0,20
22,4194304,2,5,32,0.03125,12582880,268435424,0.04687488637863235,2018945,3471933,-1,-1,1,0.09914771890192997,0.17050203801011637,-1,-1,1.0,0,20
22,4194304,2,6,64,0.015625,6291424,268435424,0.023437383584664295,1900410,4013505,130986,236728,1,0.09332662181407454,0.1970979227029416,0.006432549231449197,0.011625399008004715,1.0,0,20
22,4194304,2,7,128,0.0078125,3145696,268435424,0.011718632187680267,2308235,3797492,50973,50973,1,0.11335436821686393,0.18648980994941805,0.002503216618376467,0.002503216618376467,1.0,0,20
22,4194304,2,8,256,0.00390625,1572832,268435424,0.005859256489188253,2078598,3548747,205639,205639,1,0.10207719884103521,0.174274271963856,0.01009865933310416,0.01009865933310416,1.0,0,20
22,4194304,2,9,512,0.001953125,786400,268435424,0.0029295686399422455,1950466,4056518,184858,184858,1,0.09578480577518048,0.19921023424839168,0.009078131905907774,0.009078131905907774,1.0,0,20
22,4194304,2,10,1024,0.0009765625,393184,268435424,0.001464724715319242,1907214,4162051,141061,246688,1,0.0936607572558071,0.204392820311349,0.006927319157295094,0.01211452143593773,1.0,0,20
22,4194304,4,0,1,1.0,268435424,268435424,1.0,0,0,0,0,0,0.0,0.0,0.0,0.0,1.0,0,20
22,4194304,4,1,2,0.5,201326560,268435424,0.7499999701976741,452536,1132811,1810,2248,1,0.022223444482640083,0.055630850071207584,8.888670628099985e-05,0.00011039630702745175,1.0,0,20
22,4194304,4,2,4,0.25,100663264,268435424,0.37499992549418515,1442073,2660501,42432,50513,1,0.07081829789323774,0.13065368560624663,0.0020837794038206553,0.0024806266267249424,1.0,0,20
22,4194304,4,3,8,0.125,50331616,268435424,0.1874999031424407,1628402,3535589,69086,69086,1,0.07996866866375288,0.1736280999852674,0.0033927220939940087,0.0033927220939940087,1.0,0,20
22,4194304,4,4,16,0.0625,25165792,268435424,0.09374989196656847,2044203,3571724,175820,188121,1,0.1003881058783087,0.1754026420468497,0.008634287678632814,0.00923837352060109,1.0,0,20
22,4194304,4,5,32,0.03125,12582880,268435424,0.04687488637863235,1846942,3955167,190761,190761,1,0.09070087904532731,0.19423302067475323,0.00936802042920984,0.00936802042920984,1.0,0,20
22,4194304,4,6,64,0.015625,6291424,268435424,0.023437383584664295,2028144,4006229,-1,-1,1,0.09959946962628297,0.1967406079654275,-1,-1,1.0,0,20
22,4194304,4,7,128,0.0078125,3145696,268435424,0.011718632187680267,1828248,4091215,212188,212188,1,0.08978284142808034,0.20091415803172422,0.010420272062073369,0.010420272062073369,1.0,0,20
22,4194304,4,8,256,0.00390625,1572832,268435424,0.005859256489188253,1761892,4133571,58647,58647,1,0.08652418602367039,0.2029942051760546,0.002880076609536905,0.002880076609536905,1.0,0,20
22,4194304,4,9,512,0.001953125,786400,268435424,0.0029295686399422455,1894320,4165693,-1,-1,1,0.09302754996807935,0.20457167411481608,-1,-1,1.0,0,20
22,4194304,4,10,1024,0.0009765625,393184,268435424,0.001464724715319242,2399299,3921961,-1,-1,1,0.11782640082502578,0.19260231792957816,-1,-1,1.0,0,20
22,4194304,8,0,1,1.0,268435424,268435424,1.0,0,0,0,0,0,0.0,0.0,0.0,0.0,1.0,0,20
22,4194304,8,1,2,0.5,201326560,268435424,0.7499999701976741,1274605,2015269,-1,-1,1,0.06259416588911261,0.09896719540342779,-1,-1,1.0,0,20
22,4194304,8,2,4,0.25,100663264,268435424,0.37499992549418515,1988369,3039935,63306,110401,1,0.09764617197858862,0.1492871875460394,0.003108873938024849,0.005421647105043461,1.0,0,20
22,4194304,8,3,8,0.125,50331616,268435424,0.1874999031424407,1453709,3492474,12095,12095,1,0.0713897264646663,0.17151077935471198,0.000593969454402593,0.000593969454402593,1.0,0,20
22,4194304,8,4,16,0.0625,25165792,268435424,0.09374989196656847,2631535,3881409,-1,-1,1,0.1292312036536856,0.19061086283946374,-1,-1,1.0,0,20
22,4194304,8,5,32,0.03125,12582880,268435424,0.04687488637863235,1554578,3941542,-1,-1,1,0.07634326965574817,0.19356391494377057,-1,-1,1.0,0,20
22,4194304,8,6,64,0.015625,6291424,268435424,0.023437383584664295,2249349,3809574,110918,138124,1,0.11046255463340372,0.1870831409910131,0.005447036291312675,0.006783086971467858,1.0,0,20
22,4194304,8,7,128,0.0078125,3145696,268435424,0.011718632187680267,1774483,4144855,266550,266550,1,0.08714251338211462,0.20354834749300202,0.01308991798850857,0.01308991798850857,1.0,0,20
22,4194304,8,8,256,0.00390625,1572832,268435424,0.005859256489188253,2049804,3796423,123974,175174,1,0.10066316358100476,0.18643731277316702,0.006088199184795954,0.008602563472965672,1.0,0,20
22,4194304,8,9,512,0.001953125,786400,268435424,0.0029295686399422455,2854181,4164635,-1,-1,1,0.14016505426508863,0.2045197171340176,-1,-1,1.0,0,20
22,4194304,8,10,1024,0.0009765625,393184,268435424,0.001464724715319242,1770295,4050052,273764,273764,1,0.08693684624073074,0.19889269753965524,0.013444187988017482,0.013444187988017482,1.0,0,20
