curve,offered_qps,achieved_qps,nodes,duration_s,sweeps,rows,ok,success_rate_pct,success_sd,p50_ms,p95_ms,p99_ms,p95_sd,cache_hit_pct,dht_hit_pct,fallback_pct,p95_monotonic_ok,saturated,note
cold,25,24.999,32,30,3,2250,2247,99.867,0.133,369.350,655.430,663.971,1.703,0.000,100.000,0.000,True,False,
cold,50,49.998,32,30,3,4500,4500,100.000,0.000,365.659,645.889,658.678,1.012,0.000,100.000,0.000,True,False,
cold,75,74.999,32,30,3,6750,6739,99.837,0.068,365.013,654.335,658.166,0.426,0.000,100.000,0.000,True,False,
cold,100,100.000,32,30,3,9000,8850,98.333,0.145,365.276,654.034,657.809,0.617,0.000,100.000,0.000,True,False,
cold,125,124.998,32,30,3,11250,11074,98.436,0.242,364.975,649.508,657.045,4.133,0.000,100.000,0.000,True,False,
cold,150,149.999,32,30,3,13500,13168,97.541,0.114,365.553,653.351,656.215,0.192,0.000,100.000,0.000,True,False,
cold,175,175.001,32,30,3,15750,15224,96.660,0.341,369.270,646.598,655.731,3.056,0.000,100.000,0.000,True,False,
cold,200,199.999,32,30,3,18000,17230,95.722,0.162,367.834,645.351,659.875,1.572,0.000,100.000,0.000,True,False,
cold,250,249.999,32,30,3,22500,21187,94.164,0.310,373.471,653.189,700.634,0.422,0.000,100.000,0.000,True,True,
cold,300,299.995,32,30,3,27000,25054,92.793,0.221,392.277,653.237,726.762,0.337,0.000,100.000,0.000,True,True,
steady,25,24.999,32,30,3,2250,2250,100.000,0.000,0.978,2.787,3.320,0.455,100.000,0.000,0.000,True,False,
steady,50,49.999,32,30,3,4500,4500,100.000,0.000,0.667,1.305,2.327,0.171,100.000,0.000,0.000,True,False,
steady,75,74.999,32,30,3,6750,6750,100.000,0.000,0.538,1.254,3.378,0.352,100.000,0.000,0.000,True,False,
steady,100,100.000,32,30,3,9000,9000,100.000,0.000,0.576,1.494,3.060,0.452,100.000,0.000,0.000,True,False,
steady,125,124.998,32,30,3,11250,11250,100.000,0.000,0.469,1.156,2.695,0.285,100.000,0.000,0.000,True,False,
steady,150,149.999,32,30,3,13500,13500,100.000,0.000,0.427,0.979,2.331,0.170,100.000,0.000,0.000,True,False,
steady,175,174.997,32,30,3,15750,15750,100.000,0.000,0.428,1.270,47.996,0.225,100.000,0.000,0.000,True,False,
steady,200,200.050,32,30,3,18000,18000,100.000,0.000,0.449,1.122,2.617,0.319,100.000,0.000,0.000,True,False,
